{
  "id": "80e8be14-fabf-43da-a173-9f10aa15c692",
  "prevId": "607f71d8-50aa-4c0b-bea5-53972c399dcb",
  "version": "5",
  "dialect": "pg",
  "tables": {
    "laptop": {
      "name": "laptop",
      "schema": "",
      "columns": {
        "id": {
          "name": "id",
          "type": "serial",
          "primaryKey": true,
          "notNull": true
        },
        "merek": {
          "name": "merek",
          "type": "text",
          "primaryKey": false,
          "notNull": false
        },
        "cpu": {
          "name": "cpu",
          "type": "integer",
          "primaryKey": false,
          "notNull": false
        },
        "gpu": {
          "name": "gpu",
          "type": "integer",
          "primaryKey": false,
          "notNull": false
        },
        "harga": {
          "name": "harga",
          "type": "integer",
          "primaryKey": false,
          "notNull": false
        },
        "ram": {
          "name": "ram",
          "type": "integer",
          "primaryKey": false,
          "notNull": false
        },
        "berat": {
          "name": "berat",
          "type": "integer",
          "primaryKey": false,
          "notNull": false
        },
        "gambar": {
          "name": "gambar",
          "type": "varchar(256)",
          "primaryKey": false,
          "notNull": false
        },
        "pekerjaan": {
          "name": "pekerjaan",
          "type": "varchar(50)",
          "primaryKey": false,
          "notNull": false
        },
        "penggunaan": {
          "name": "penggunaan",
          "type": "varchar(50)",
          "primaryKey": false,
          "notNull": false
        },
        "jenis_laptop": {
          "name": "jenis_laptop",
          "type": "varchar(50)",
          "primaryKey": false,
          "notNull": false
        },
        "processor": {
          "name": "processor",
          "type": "varchar(50)",
          "primaryKey": false,
          "notNull": false
        },
        "bobot": {
          "name": "bobot",
          "type": "double precision",
          "primaryKey": false,
          "notNull": false
        }
      },
      "indexes": {},
      "foreignKeys": {},
      "compositePrimaryKeys": {},
      "uniqueConstraints": {}
    }
  },
  "enums": {},
  "schemas": {},
  "_meta": {
    "columns": {},
    "schemas": {},
    "tables": {}
  }
}